item_id,order_id,product_id,quantity,unit_price,line_total
ITEM-00001,ORD-00001,PROD-0020,4,119.93,479.72
ITEM-00002,ORD-00001,PROD-0053,2,51.1,102.2
ITEM-00003,ORD-00002,PROD-0013,2,257.49,514.98
ITEM-00004,ORD-00003,PROD-0076,3,105.08,315.24
ITEM-00005,ORD-00003,PROD-0094,4,189.93,759.72
ITEM-00006,ORD-00003,PROD-0050,3,76.83,230.49
ITEM-00007,ORD-00004,PROD-0032,1,39.54,39.54
ITEM-00008,ORD-00004,PROD-0036,2,135.71,271.42
ITEM-00009,ORD-00004,PROD-0083,3,76.1,228.3
ITEM-00010,ORD-00005,PROD-0089,3,154.39,463.17
ITEM-00011,ORD-00005,PROD-0004,2,232.08,464.16
ITEM-00012,ORD-00005,PROD-0085,2,164.57,329.14
ITEM-00013,ORD-00006,PROD-0038,1,188.6,188.6
ITEM-00014,ORD-00006,PROD-0083,2,76.1,152.2
ITEM-00015,ORD-00007,PROD-0015,4,122.76,491.04
ITEM-00016,ORD-00007,PROD-0031,1,125.02,125.02
ITEM-00017,ORD-00008,PROD-0002,3,270.18,810.54
ITEM-00018,ORD-00008,PROD-0047,2,95.14,190.28
ITEM-00019,ORD-00009,PROD-0073,4,167.05,668.2
ITEM-00020,ORD-00010,PROD-0088,2,45.63,91.26
ITEM-00021,ORD-00011,PROD-0099,1,187.5,187.5
ITEM-00022,ORD-00011,PROD-0010,1,122.94,122.94
ITEM-00023,ORD-00011,PROD-0003,3,85.16,255.48
ITEM-00024,ORD-00012,PROD-0008,4,214.85,859.4
ITEM-00025,ORD-00013,PROD-0081,4,184.04,736.16
ITEM-00026,ORD-00013,PROD-0092,4,69.03,276.12
ITEM-00027,ORD-00014,PROD-0011,2,258.44,516.88
ITEM-00028,ORD-00014,PROD-0082,3,130.6,391.8
ITEM-00029,ORD-00015,PROD-0011,2,258.44,516.88
ITEM-00030,ORD-00016,PROD-0020,1,119.93,119.93
ITEM-00031,ORD-00016,PROD-0069,3,140.97,422.91
ITEM-00032,ORD-00016,PROD-0042,4,175.25,701.0
ITEM-00033,ORD-00016,PROD-0051,2,53.79,107.58
ITEM-00034,ORD-00017,PROD-0012,4,11.7,46.8
ITEM-00035,ORD-00018,PROD-0079,1,199.91,199.91
ITEM-00036,ORD-00019,PROD-0095,2,187.19,374.38
ITEM-00037,ORD-00020,PROD-0091,2,15.48,30.96
ITEM-00038,ORD-00021,PROD-0021,3,230.75,692.25
ITEM-00039,ORD-00021,PROD-0064,3,157.37,472.11
ITEM-00040,ORD-00022,PROD-0017,3,294.4,883.2
ITEM-00041,ORD-00023,PROD-0016,1,220.0,220.0
ITEM-00042,ORD-00023,PROD-0099,3,187.5,562.5
ITEM-00043,ORD-00024,PROD-0035,3,13.66,40.98
ITEM-00044,ORD-00024,PROD-0068,1,114.87,114.87
ITEM-00045,ORD-00024,PROD-0009,4,167.35,669.4
ITEM-00046,ORD-00025,PROD-0047,4,95.14,380.56
ITEM-00047,ORD-00025,PROD-0008,2,214.85,429.7
ITEM-00048,ORD-00026,PROD-0033,1,240.9,240.9
ITEM-00049,ORD-00027,PROD-0087,2,134.95,269.9
ITEM-00050,ORD-00027,PROD-0093,1,52.68,52.68
ITEM-00051,ORD-00027,PROD-0015,1,122.76,122.76
ITEM-00052,ORD-00028,PROD-0002,4,270.18,1080.72
ITEM-00053,ORD-00028,PROD-0032,3,39.54,118.62
ITEM-00054,ORD-00028,PROD-0006,4,88.79,355.16
ITEM-00055,ORD-00029,PROD-0023,4,299.96,1199.84
ITEM-00056,ORD-00029,PROD-0005,2,89.62,179.24
ITEM-00057,ORD-00029,PROD-0071,3,140.59,421.77
ITEM-00058,ORD-00029,PROD-0092,2,69.03,138.06
ITEM-00059,ORD-00030,PROD-0093,3,52.68,158.04
ITEM-00060,ORD-00030,PROD-0041,1,90.88,90.88
ITEM-00061,ORD-00031,PROD-0016,1,220.0,220.0
ITEM-00062,ORD-00031,PROD-0065,2,173.42,346.84
ITEM-00063,ORD-00032,PROD-0067,1,60.27,60.27
ITEM-00064,ORD-00033,PROD-0009,3,167.35,502.05
ITEM-00065,ORD-00033,PROD-0060,3,188.79,566.37
ITEM-00066,ORD-00033,PROD-0037,1,215.11,215.11
ITEM-00067,ORD-00033,PROD-0100,4,147.94,591.76
ITEM-00068,ORD-00034,PROD-0026,3,79.17,237.51
ITEM-00069,ORD-00035,PROD-0039,2,144.8,289.6
ITEM-00070,ORD-00035,PROD-0095,4,187.19,748.76
ITEM-00071,ORD-00036,PROD-0064,2,157.37,314.74
ITEM-00072,ORD-00037,PROD-0070,2,64.73,129.46
ITEM-00073,ORD-00037,PROD-0098,2,174.16,348.32
ITEM-00074,ORD-00038,PROD-0053,1,51.1,51.1
ITEM-00075,ORD-00039,PROD-0045,1,108.15,108.15
ITEM-00076,ORD-00040,PROD-0001,3,246.34,739.02
ITEM-00077,ORD-00040,PROD-0098,1,174.16,174.16
ITEM-00078,ORD-00040,PROD-0085,2,164.57,329.14
ITEM-00079,ORD-00040,PROD-0049,2,99.91,199.82
ITEM-00080,ORD-00041,PROD-0008,3,214.85,644.55
ITEM-00081,ORD-00041,PROD-0019,1,49.34,49.34
ITEM-00082,ORD-00042,PROD-0030,4,177.81,711.24
ITEM-00083,ORD-00043,PROD-0048,1,86.83,86.83
ITEM-00084,ORD-00043,PROD-0059,1,93.68,93.68
ITEM-00085,ORD-00044,PROD-0082,1,130.6,130.6
ITEM-00086,ORD-00044,PROD-0051,1,53.79,53.79
ITEM-00087,ORD-00045,PROD-0017,3,294.4,883.2
ITEM-00088,ORD-00045,PROD-0031,3,125.02,375.06
ITEM-00089,ORD-00046,PROD-0051,3,53.79,161.37
ITEM-00090,ORD-00046,PROD-0090,3,186.25,558.75
ITEM-00091,ORD-00046,PROD-0095,4,187.19,748.76
ITEM-00092,ORD-00047,PROD-0010,2,122.94,245.88
ITEM-00093,ORD-00048,PROD-0099,1,187.5,187.5
ITEM-00094,ORD-00049,PROD-0022,4,83.15,332.6
ITEM-00095,ORD-00050,PROD-0053,3,51.1,153.3
ITEM-00096,ORD-00050,PROD-0016,2,220.0,440.0
ITEM-00097,ORD-00051,PROD-0060,1,188.79,188.79
ITEM-00098,ORD-00051,PROD-0034,1,164.49,164.49
ITEM-00099,ORD-00052,PROD-0088,3,45.63,136.89
ITEM-00100,ORD-00053,PROD-0090,2,186.25,372.5
ITEM-00101,ORD-00053,PROD-0078,3,27.34,82.02
ITEM-00102,ORD-00053,PROD-0006,2,88.79,177.58
ITEM-00103,ORD-00054,PROD-0032,3,39.54,118.62
ITEM-00104,ORD-00055,PROD-0007,3,50.12,150.36
ITEM-00105,ORD-00056,PROD-0023,1,299.96,299.96
ITEM-00106,ORD-00057,PROD-0058,2,175.81,351.62
ITEM-00107,ORD-00057,PROD-0072,1,31.8,31.8
ITEM-00108,ORD-00057,PROD-0096,4,168.59,674.36
ITEM-00109,ORD-00057,PROD-0071,1,140.59,140.59
ITEM-00110,ORD-00058,PROD-0018,1,181.64,181.64
ITEM-00111,ORD-00058,PROD-0016,2,220.0,440.0
ITEM-00112,ORD-00058,PROD-0002,2,270.18,540.36
ITEM-00113,ORD-00059,PROD-0052,3,151.14,453.42
ITEM-00114,ORD-00060,PROD-0083,3,76.1,228.3
ITEM-00115,ORD-00060,PROD-0011,1,258.44,258.44
ITEM-00116,ORD-00061,PROD-0009,2,167.35,334.7
ITEM-00117,ORD-00062,PROD-0057,1,142.5,142.5
ITEM-00118,ORD-00062,PROD-0017,1,294.4,294.4
ITEM-00119,ORD-00062,PROD-0012,4,11.7,46.8
ITEM-00120,ORD-00062,PROD-0043,1,153.34,153.34
ITEM-00121,ORD-00063,PROD-0074,4,123.05,492.2
ITEM-00122,ORD-00064,PROD-0051,4,53.79,215.16
ITEM-00123,ORD-00064,PROD-0064,4,157.37,629.48
ITEM-00124,ORD-00064,PROD-0004,2,232.08,464.16
ITEM-00125,ORD-00065,PROD-0024,3,236.55,709.65
ITEM-00126,ORD-00066,PROD-0020,1,119.93,119.93
ITEM-00127,ORD-00067,PROD-0079,3,199.91,599.73
ITEM-00128,ORD-00067,PROD-0032,4,39.54,158.16
ITEM-00129,ORD-00068,PROD-0071,1,140.59,140.59
ITEM-00130,ORD-00068,PROD-0062,1,38.34,38.34
ITEM-00131,ORD-00069,PROD-0018,4,181.64,726.56
ITEM-00132,ORD-00070,PROD-0068,2,114.87,229.74
ITEM-00133,ORD-00071,PROD-0070,4,64.73,258.92
ITEM-00134,ORD-00071,PROD-0003,3,85.16,255.48
ITEM-00135,ORD-00072,PROD-0063,3,198.83,596.49
ITEM-00136,ORD-00072,PROD-0045,4,108.15,432.6
ITEM-00137,ORD-00073,PROD-0004,3,232.08,696.24
ITEM-00138,ORD-00074,PROD-0004,3,232.08,696.24
ITEM-00139,ORD-00074,PROD-0100,1,147.94,147.94
ITEM-00140,ORD-00075,PROD-0061,2,103.42,206.84
ITEM-00141,ORD-00075,PROD-0068,2,114.87,229.74
ITEM-00142,ORD-00075,PROD-0046,1,102.82,102.82
ITEM-00143,ORD-00076,PROD-0031,3,125.02,375.06
ITEM-00144,ORD-00077,PROD-0095,2,187.19,374.38
ITEM-00145,ORD-00077,PROD-0008,4,214.85,859.4
ITEM-00146,ORD-00078,PROD-0023,2,299.96,599.92
ITEM-00147,ORD-00079,PROD-0041,3,90.88,272.64
ITEM-00148,ORD-00080,PROD-0004,2,232.08,464.16
ITEM-00149,ORD-00080,PROD-0091,2,15.48,30.96
ITEM-00150,ORD-00080,PROD-0090,4,186.25,745.0
ITEM-00151,ORD-00080,PROD-0046,3,102.82,308.46
ITEM-00152,ORD-00081,PROD-0005,1,89.62,89.62
ITEM-00153,ORD-00082,PROD-0078,2,27.34,54.68
ITEM-00154,ORD-00083,PROD-0062,1,38.34,38.34
ITEM-00155,ORD-00084,PROD-0079,2,199.91,399.82
ITEM-00156,ORD-00085,PROD-0044,3,112.89,338.67
ITEM-00157,ORD-00085,PROD-0092,1,69.03,69.03
ITEM-00158,ORD-00085,PROD-0023,1,299.96,299.96
ITEM-00159,ORD-00086,PROD-0091,2,15.48,30.96
ITEM-00160,ORD-00087,PROD-0068,3,114.87,344.61
ITEM-00161,ORD-00087,PROD-0047,4,95.14,380.56
ITEM-00162,ORD-00087,PROD-0010,1,122.94,122.94
ITEM-00163,ORD-00088,PROD-0042,2,175.25,350.5
ITEM-00164,ORD-00089,PROD-0094,3,189.93,569.79
ITEM-00165,ORD-00089,PROD-0056,2,62.11,124.22
ITEM-00166,ORD-00089,PROD-0082,3,130.6,391.8
ITEM-00167,ORD-00089,PROD-0063,2,198.83,397.66
ITEM-00168,ORD-00090,PROD-0023,3,299.96,899.88
ITEM-00169,ORD-00090,PROD-0049,3,99.91,299.73
ITEM-00170,ORD-00091,PROD-0094,1,189.93,189.93
ITEM-00171,ORD-00092,PROD-0074,1,123.05,123.05
ITEM-00172,ORD-00092,PROD-0051,2,53.79,107.58
ITEM-00173,ORD-00092,PROD-0099,3,187.5,562.5
ITEM-00174,ORD-00092,PROD-0073,2,167.05,334.1
ITEM-00175,ORD-00093,PROD-0014,2,151.58,303.16
ITEM-00176,ORD-00093,PROD-0064,3,157.37,472.11
ITEM-00177,ORD-00094,PROD-0031,3,125.02,375.06
ITEM-00178,ORD-00094,PROD-0045,2,108.15,216.3
ITEM-00179,ORD-00095,PROD-0012,3,11.7,35.1
ITEM-00180,ORD-00095,PROD-0091,4,15.48,61.92
ITEM-00181,ORD-00096,PROD-0027,2,144.85,289.7
ITEM-00182,ORD-00097,PROD-0045,1,108.15,108.15
ITEM-00183,ORD-00097,PROD-0033,1,240.9,240.9
ITEM-00184,ORD-00098,PROD-0057,4,142.5,570.0
ITEM-00185,ORD-00099,PROD-0053,4,51.1,204.4
ITEM-00186,ORD-00099,PROD-0064,1,157.37,157.37
ITEM-00187,ORD-00099,PROD-0049,4,99.91,399.64
ITEM-00188,ORD-00099,PROD-0045,2,108.15,216.3
ITEM-00189,ORD-00100,PROD-0010,1,122.94,122.94
ITEM-00190,ORD-00101,PROD-0041,3,90.88,272.64
ITEM-00191,ORD-00102,PROD-0010,2,122.94,245.88
ITEM-00192,ORD-00102,PROD-0044,1,112.89,112.89
ITEM-00193,ORD-00102,PROD-0022,1,83.15,83.15
ITEM-00194,ORD-00102,PROD-0049,3,99.91,299.73
ITEM-00195,ORD-00103,PROD-0079,1,199.91,199.91
ITEM-00196,ORD-00103,PROD-0062,4,38.34,153.36
ITEM-00197,ORD-00104,PROD-0022,1,83.15,83.15
ITEM-00198,ORD-00104,PROD-0078,1,27.34,27.34
ITEM-00199,ORD-00104,PROD-0056,3,62.11,186.33
ITEM-00200,ORD-00104,PROD-0021,2,230.75,461.5
ITEM-00201,ORD-00105,PROD-0053,3,51.1,153.3
ITEM-00202,ORD-00105,PROD-0090,3,186.25,558.75
ITEM-00203,ORD-00105,PROD-0071,3,140.59,421.77
ITEM-00204,ORD-00105,PROD-0093,2,52.68,105.36
ITEM-00205,ORD-00106,PROD-0051,4,53.79,215.16
ITEM-00206,ORD-00107,PROD-0047,1,95.14,95.14
ITEM-00207,ORD-00108,PROD-0038,4,188.6,754.4
ITEM-00208,ORD-00108,PROD-0085,2,164.57,329.14
ITEM-00209,ORD-00109,PROD-0027,2,144.85,289.7
ITEM-00210,ORD-00110,PROD-0011,1,258.44,258.44
ITEM-00211,ORD-00110,PROD-0061,3,103.42,310.26
ITEM-00212,ORD-00111,PROD-0061,3,103.42,310.26
ITEM-00213,ORD-00111,PROD-0063,1,198.83,198.83
ITEM-00214,ORD-00111,PROD-0085,4,164.57,658.28
ITEM-00215,ORD-00112,PROD-0049,3,99.91,299.73
ITEM-00216,ORD-00113,PROD-0006,3,88.79,266.37
ITEM-00217,ORD-00114,PROD-0034,3,164.49,493.47
ITEM-00218,ORD-00114,PROD-0029,1,235.55,235.55
ITEM-00219,ORD-00115,PROD-0090,1,186.25,186.25
ITEM-00220,ORD-00116,PROD-0045,4,108.15,432.6
ITEM-00221,ORD-00117,PROD-0076,4,105.08,420.32
ITEM-00222,ORD-00117,PROD-0030,4,177.81,711.24
ITEM-00223,ORD-00117,PROD-0071,4,140.59,562.36
ITEM-00224,ORD-00117,PROD-0008,2,214.85,429.7
ITEM-00225,ORD-00118,PROD-0011,1,258.44,258.44
ITEM-00226,ORD-00118,PROD-0051,2,53.79,107.58
ITEM-00227,ORD-00119,PROD-0097,4,114.73,458.92
ITEM-00228,ORD-00120,PROD-0022,2,83.15,166.3
ITEM-00229,ORD-00121,PROD-0017,1,294.4,294.4
ITEM-00230,ORD-00121,PROD-0006,4,88.79,355.16
ITEM-00231,ORD-00121,PROD-0055,2,78.56,157.12
ITEM-00232,ORD-00122,PROD-0081,3,184.04,552.12
ITEM-00233,ORD-00122,PROD-0019,1,49.34,49.34
ITEM-00234,ORD-00122,PROD-0077,1,178.98,178.98
ITEM-00235,ORD-00122,PROD-0034,4,164.49,657.96
ITEM-00236,ORD-00123,PROD-0071,3,140.59,421.77
ITEM-00237,ORD-00123,PROD-0042,4,175.25,701.0
ITEM-00238,ORD-00124,PROD-0002,4,270.18,1080.72
ITEM-00239,ORD-00124,PROD-0090,1,186.25,186.25
ITEM-00240,ORD-00124,PROD-0080,4,154.98,619.92
ITEM-00241,ORD-00124,PROD-0076,2,105.08,210.16
ITEM-00242,ORD-00125,PROD-0076,1,105.08,105.08
ITEM-00243,ORD-00126,PROD-0073,3,167.05,501.15
ITEM-00244,ORD-00126,PROD-0100,4,147.94,591.76
ITEM-00245,ORD-00126,PROD-0013,3,257.49,772.47
ITEM-00246,ORD-00126,PROD-0037,4,215.11,860.44
ITEM-00247,ORD-00127,PROD-0074,4,123.05,492.2
ITEM-00248,ORD-00127,PROD-0078,1,27.34,27.34
ITEM-00249,ORD-00128,PROD-0052,2,151.14,302.28
ITEM-00250,ORD-00129,PROD-0088,4,45.63,182.52
ITEM-00251,ORD-00129,PROD-0089,1,154.39,154.39
ITEM-00252,ORD-00130,PROD-0043,2,153.34,306.68
ITEM-00253,ORD-00131,PROD-0061,3,103.42,310.26
ITEM-00254,ORD-00132,PROD-0003,3,85.16,255.48
ITEM-00255,ORD-00132,PROD-0044,3,112.89,338.67
ITEM-00256,ORD-00132,PROD-0039,4,144.8,579.2
ITEM-00257,ORD-00133,PROD-0088,2,45.63,91.26
ITEM-00258,ORD-00133,PROD-0013,3,257.49,772.47
ITEM-00259,ORD-00133,PROD-0030,4,177.81,711.24
ITEM-00260,ORD-00134,PROD-0042,4,175.25,701.0
ITEM-00261,ORD-00134,PROD-0035,1,13.66,13.66
ITEM-00262,ORD-00134,PROD-0094,2,189.93,379.86
ITEM-00263,ORD-00135,PROD-0053,4,51.1,204.4
ITEM-00264,ORD-00135,PROD-0095,3,187.19,561.57
ITEM-00265,ORD-00136,PROD-0066,3,125.82,377.46
ITEM-00266,ORD-00136,PROD-0021,4,230.75,923.0
ITEM-00267,ORD-00136,PROD-0009,2,167.35,334.7
ITEM-00268,ORD-00137,PROD-0068,2,114.87,229.74
ITEM-00269,ORD-00137,PROD-0073,2,167.05,334.1
ITEM-00270,ORD-00137,PROD-0004,2,232.08,464.16
ITEM-00271,ORD-00138,PROD-0032,1,39.54,39.54
ITEM-00272,ORD-00138,PROD-0005,3,89.62,268.86
ITEM-00273,ORD-00138,PROD-0059,2,93.68,187.36
ITEM-00274,ORD-00139,PROD-0060,4,188.79,755.16
ITEM-00275,ORD-00140,PROD-0016,1,220.0,220.0
ITEM-00276,ORD-00140,PROD-0088,2,45.63,91.26
ITEM-00277,ORD-00141,PROD-0077,4,178.98,715.92
ITEM-00278,ORD-00142,PROD-0061,3,103.42,310.26
ITEM-00279,ORD-00143,PROD-0034,1,164.49,164.49
ITEM-00280,ORD-00144,PROD-0050,1,76.83,76.83
ITEM-00281,ORD-00145,PROD-0074,2,123.05,246.1
ITEM-00282,ORD-00146,PROD-0083,2,76.1,152.2
ITEM-00283,ORD-00146,PROD-0029,3,235.55,706.65
ITEM-00284,ORD-00146,PROD-0087,4,134.95,539.8
ITEM-00285,ORD-00147,PROD-0100,1,147.94,147.94
ITEM-00286,ORD-00147,PROD-0099,4,187.5,750.0
ITEM-00287,ORD-00148,PROD-0083,2,76.1,152.2
ITEM-00288,ORD-00148,PROD-0023,3,299.96,899.88
ITEM-00289,ORD-00148,PROD-0077,3,178.98,536.94
ITEM-00290,ORD-00148,PROD-0002,3,270.18,810.54
ITEM-00291,ORD-00149,PROD-0049,4,99.91,399.64
ITEM-00292,ORD-00149,PROD-0045,3,108.15,324.45
ITEM-00293,ORD-00150,PROD-0039,4,144.8,579.2
ITEM-00294,ORD-00151,PROD-0001,3,246.34,739.02
ITEM-00295,ORD-00151,PROD-0066,3,125.82,377.46
ITEM-00296,ORD-00152,PROD-0014,4,151.58,606.32
ITEM-00297,ORD-00153,PROD-0036,3,135.71,407.13
ITEM-00298,ORD-00154,PROD-0034,3,164.49,493.47
ITEM-00299,ORD-00154,PROD-0084,2,72.65,145.3
ITEM-00300,ORD-00154,PROD-0092,2,69.03,138.06
ITEM-00301,ORD-00155,PROD-0031,4,125.02,500.08
ITEM-00302,ORD-00155,PROD-0008,3,214.85,644.55
ITEM-00303,ORD-00156,PROD-0093,4,52.68,210.72
ITEM-00304,ORD-00156,PROD-0004,3,232.08,696.24
ITEM-00305,ORD-00157,PROD-0054,4,196.29,785.16
ITEM-00306,ORD-00158,PROD-0005,2,89.62,179.24
ITEM-00307,ORD-00159,PROD-0092,2,69.03,138.06
ITEM-00308,ORD-00160,PROD-0082,3,130.6,391.8
ITEM-00309,ORD-00160,PROD-0061,3,103.42,310.26
ITEM-00310,ORD-00161,PROD-0085,3,164.57,493.71
ITEM-00311,ORD-00161,PROD-0072,1,31.8,31.8
ITEM-00312,ORD-00161,PROD-0024,4,236.55,946.2
ITEM-00313,ORD-00162,PROD-0034,2,164.49,328.98
ITEM-00314,ORD-00163,PROD-0043,3,153.34,460.02
ITEM-00315,ORD-00163,PROD-0084,2,72.65,145.3
ITEM-00316,ORD-00163,PROD-0012,3,11.7,35.1
ITEM-00317,ORD-00163,PROD-0029,4,235.55,942.2
ITEM-00318,ORD-00164,PROD-0043,3,153.34,460.02
ITEM-00319,ORD-00164,PROD-0048,4,86.83,347.32
ITEM-00320,ORD-00164,PROD-0034,1,164.49,164.49
ITEM-00321,ORD-00165,PROD-0082,1,130.6,130.6
ITEM-00322,ORD-00165,PROD-0075,4,33.62,134.48
ITEM-00323,ORD-00166,PROD-0065,4,173.42,693.68
ITEM-00324,ORD-00166,PROD-0016,3,220.0,660.0
ITEM-00325,ORD-00166,PROD-0088,4,45.63,182.52
ITEM-00326,ORD-00167,PROD-0020,2,119.93,239.86
ITEM-00327,ORD-00168,PROD-0044,2,112.89,225.78
ITEM-00328,ORD-00168,PROD-0053,3,51.1,153.3
ITEM-00329,ORD-00168,PROD-0073,2,167.05,334.1
ITEM-00330,ORD-00168,PROD-0059,1,93.68,93.68
ITEM-00331,ORD-00169,PROD-0081,3,184.04,552.12
ITEM-00332,ORD-00169,PROD-0023,1,299.96,299.96
ITEM-00333,ORD-00170,PROD-0036,2,135.71,271.42
ITEM-00334,ORD-00171,PROD-0022,2,83.15,166.3
ITEM-00335,ORD-00171,PROD-0074,4,123.05,492.2
ITEM-00336,ORD-00171,PROD-0098,1,174.16,174.16
ITEM-00337,ORD-00172,PROD-0056,4,62.11,248.44
ITEM-00338,ORD-00173,PROD-0062,1,38.34,38.34
ITEM-00339,ORD-00173,PROD-0050,1,76.83,76.83
ITEM-00340,ORD-00174,PROD-0094,1,189.93,189.93
ITEM-00341,ORD-00174,PROD-0048,3,86.83,260.49
ITEM-00342,ORD-00175,PROD-0068,1,114.87,114.87
ITEM-00343,ORD-00175,PROD-0025,2,285.38,570.76
ITEM-00344,ORD-00175,PROD-0003,2,85.16,170.32
ITEM-00345,ORD-00176,PROD-0045,2,108.15,216.3
ITEM-00346,ORD-00176,PROD-0040,1,103.46,103.46
ITEM-00347,ORD-00177,PROD-0076,3,105.08,315.24
ITEM-00348,ORD-00178,PROD-0006,3,88.79,266.37
ITEM-00349,ORD-00179,PROD-0059,3,93.68,281.04
ITEM-00350,ORD-00179,PROD-0094,4,189.93,759.72
ITEM-00351,ORD-00179,PROD-0067,2,60.27,120.54
ITEM-00352,ORD-00179,PROD-0077,3,178.98,536.94
ITEM-00353,ORD-00180,PROD-0063,2,198.83,397.66
ITEM-00354,ORD-00180,PROD-0046,4,102.82,411.28
ITEM-00355,ORD-00180,PROD-0097,1,114.73,114.73
ITEM-00356,ORD-00180,PROD-0025,2,285.38,570.76
ITEM-00357,ORD-00181,PROD-0017,2,294.4,588.8
ITEM-00358,ORD-00182,PROD-0076,2,105.08,210.16
ITEM-00359,ORD-00182,PROD-0065,1,173.42,173.42
ITEM-00360,ORD-00183,PROD-0084,1,72.65,72.65
ITEM-00361,ORD-00184,PROD-0082,3,130.6,391.8
ITEM-00362,ORD-00185,PROD-0080,1,154.98,154.98
ITEM-00363,ORD-00185,PROD-0007,1,50.12,50.12
ITEM-00364,ORD-00185,PROD-0077,1,178.98,178.98
ITEM-00365,ORD-00186,PROD-0015,4,122.76,491.04
ITEM-00366,ORD-00187,PROD-0016,3,220.0,660.0
ITEM-00367,ORD-00187,PROD-0071,4,140.59,562.36
ITEM-00368,ORD-00188,PROD-0027,1,144.85,144.85
ITEM-00369,ORD-00188,PROD-0089,3,154.39,463.17
ITEM-00370,ORD-00189,PROD-0013,3,257.49,772.47
ITEM-00371,ORD-00189,PROD-0085,2,164.57,329.14
ITEM-00372,ORD-00190,PROD-0014,1,151.58,151.58
ITEM-00373,ORD-00190,PROD-0066,3,125.82,377.46
ITEM-00374,ORD-00191,PROD-0014,4,151.58,606.32
ITEM-00375,ORD-00192,PROD-0026,3,79.17,237.51
ITEM-00376,ORD-00193,PROD-0026,4,79.17,316.68
ITEM-00377,ORD-00193,PROD-0046,3,102.82,308.46
ITEM-00378,ORD-00193,PROD-0091,2,15.48,30.96
ITEM-00379,ORD-00194,PROD-0064,2,157.37,314.74
ITEM-00380,ORD-00195,PROD-0062,2,38.34,76.68
ITEM-00381,ORD-00195,PROD-0043,1,153.34,153.34
ITEM-00382,ORD-00196,PROD-0012,1,11.7,11.7
ITEM-00383,ORD-00197,PROD-0086,1,69.75,69.75
ITEM-00384,ORD-00197,PROD-0064,1,157.37,157.37
ITEM-00385,ORD-00197,PROD-0020,1,119.93,119.93
ITEM-00386,ORD-00198,PROD-0083,3,76.1,228.3
ITEM-00387,ORD-00198,PROD-0030,4,177.81,711.24
ITEM-00388,ORD-00198,PROD-0059,1,93.68,93.68
ITEM-00389,ORD-00198,PROD-0038,1,188.6,188.6
ITEM-00390,ORD-00199,PROD-0006,3,88.79,266.37
ITEM-00391,ORD-00199,PROD-0038,4,188.6,754.4
ITEM-00392,ORD-00199,PROD-0047,1,95.14,95.14
ITEM-00393,ORD-00200,PROD-0098,1,174.16,174.16
ITEM-00394,ORD-00201,PROD-0018,2,181.64,363.28
ITEM-00395,ORD-00202,PROD-0057,3,142.5,427.5
ITEM-00396,ORD-00203,PROD-0012,2,11.7,23.4
ITEM-00397,ORD-00203,PROD-0048,1,86.83,86.83
ITEM-00398,ORD-00203,PROD-0044,4,112.89,451.56
ITEM-00399,ORD-00204,PROD-0059,4,93.68,374.72
ITEM-00400,ORD-00204,PROD-0035,4,13.66,54.64
ITEM-00401,ORD-00205,PROD-0084,2,72.65,145.3
ITEM-00402,ORD-00205,PROD-0022,1,83.15,83.15
ITEM-00403,ORD-00205,PROD-0015,2,122.76,245.52
ITEM-00404,ORD-00206,PROD-0076,4,105.08,420.32
ITEM-00405,ORD-00207,PROD-0087,4,134.95,539.8
ITEM-00406,ORD-00207,PROD-0057,3,142.5,427.5
ITEM-00407,ORD-00207,PROD-0024,1,236.55,236.55
ITEM-00408,ORD-00208,PROD-0094,4,189.93,759.72
ITEM-00409,ORD-00208,PROD-0017,1,294.4,294.4
ITEM-00410,ORD-00208,PROD-0062,4,38.34,153.36
ITEM-00411,ORD-00209,PROD-0009,3,167.35,502.05
ITEM-00412,ORD-00209,PROD-0034,1,164.49,164.49
ITEM-00413,ORD-00210,PROD-0087,2,134.95,269.9
ITEM-00414,ORD-00210,PROD-0068,3,114.87,344.61
ITEM-00415,ORD-00211,PROD-0089,1,154.39,154.39
ITEM-00416,ORD-00211,PROD-0090,4,186.25,745.0
ITEM-00417,ORD-00212,PROD-0032,3,39.54,118.62
ITEM-00418,ORD-00212,PROD-0062,4,38.34,153.36
ITEM-00419,ORD-00213,PROD-0072,1,31.8,31.8
ITEM-00420,ORD-00214,PROD-0021,4,230.75,923.0
ITEM-00421,ORD-00215,PROD-0022,4,83.15,332.6
ITEM-00422,ORD-00215,PROD-0010,3,122.94,368.82
ITEM-00423,ORD-00215,PROD-0097,2,114.73,229.46
ITEM-00424,ORD-00216,PROD-0036,1,135.71,135.71
ITEM-00425,ORD-00217,PROD-0071,4,140.59,562.36
ITEM-00426,ORD-00217,PROD-0083,4,76.1,304.4
ITEM-00427,ORD-00218,PROD-0011,4,258.44,1033.76
ITEM-00428,ORD-00218,PROD-0059,1,93.68,93.68
ITEM-00429,ORD-00218,PROD-0057,4,142.5,570.0
ITEM-00430,ORD-00219,PROD-0016,1,220.0,220.0
ITEM-00431,ORD-00219,PROD-0064,1,157.37,157.37
ITEM-00432,ORD-00220,PROD-0005,1,89.62,89.62
ITEM-00433,ORD-00220,PROD-0072,1,31.8,31.8
ITEM-00434,ORD-00221,PROD-0080,2,154.98,309.96
ITEM-00435,ORD-00221,PROD-0082,4,130.6,522.4
ITEM-00436,ORD-00221,PROD-0039,3,144.8,434.4
ITEM-00437,ORD-00222,PROD-0007,2,50.12,100.24
ITEM-00438,ORD-00223,PROD-0043,4,153.34,613.36
ITEM-00439,ORD-00223,PROD-0072,3,31.8,95.4
ITEM-00440,ORD-00223,PROD-0099,4,187.5,750.0
ITEM-00441,ORD-00224,PROD-0098,2,174.16,348.32
ITEM-00442,ORD-00225,PROD-0046,3,102.82,308.46
ITEM-00443,ORD-00226,PROD-0048,1,86.83,86.83
ITEM-00444,ORD-00226,PROD-0090,1,186.25,186.25
ITEM-00445,ORD-00227,PROD-0064,4,157.37,629.48
ITEM-00446,ORD-00227,PROD-0018,1,181.64,181.64
ITEM-00447,ORD-00227,PROD-0092,3,69.03,207.09
ITEM-00448,ORD-00228,PROD-0025,4,285.38,1141.52
ITEM-00449,ORD-00228,PROD-0016,2,220.0,440.0
ITEM-00450,ORD-00229,PROD-0025,3,285.38,856.14
ITEM-00451,ORD-00229,PROD-0092,1,69.03,69.03
ITEM-00452,ORD-00230,PROD-0006,1,88.79,88.79
ITEM-00453,ORD-00230,PROD-0082,4,130.6,522.4
ITEM-00454,ORD-00230,PROD-0087,4,134.95,539.8
ITEM-00455,ORD-00231,PROD-0065,4,173.42,693.68
ITEM-00456,ORD-00231,PROD-0018,1,181.64,181.64
ITEM-00457,ORD-00232,PROD-0007,4,50.12,200.48
ITEM-00458,ORD-00232,PROD-0071,4,140.59,562.36
ITEM-00459,ORD-00233,PROD-0100,2,147.94,295.88
ITEM-00460,ORD-00233,PROD-0023,2,299.96,599.92
ITEM-00461,ORD-00233,PROD-0089,1,154.39,154.39
ITEM-00462,ORD-00233,PROD-0075,4,33.62,134.48
ITEM-00463,ORD-00234,PROD-0078,4,27.34,109.36
ITEM-00464,ORD-00234,PROD-0042,4,175.25,701.0
ITEM-00465,ORD-00235,PROD-0089,4,154.39,617.56
ITEM-00466,ORD-00235,PROD-0098,3,174.16,522.48
ITEM-00467,ORD-00235,PROD-0032,3,39.54,118.62
ITEM-00468,ORD-00235,PROD-0036,4,135.71,542.84
ITEM-00469,ORD-00236,PROD-0018,3,181.64,544.92
ITEM-00470,ORD-00236,PROD-0053,3,51.1,153.3
ITEM-00471,ORD-00236,PROD-0078,2,27.34,54.68
ITEM-00472,ORD-00237,PROD-0080,3,154.98,464.94
ITEM-00473,ORD-00238,PROD-0087,2,134.95,269.9
ITEM-00474,ORD-00238,PROD-0017,3,294.4,883.2
ITEM-00475,ORD-00239,PROD-0098,4,174.16,696.64
ITEM-00476,ORD-00239,PROD-0046,4,102.82,411.28
ITEM-00477,ORD-00240,PROD-0069,4,140.97,563.88
ITEM-00478,ORD-00240,PROD-0037,1,215.11,215.11
ITEM-00479,ORD-00241,PROD-0004,2,232.08,464.16
ITEM-00480,ORD-00241,PROD-0049,1,99.91,99.91
ITEM-00481,ORD-00242,PROD-0026,2,79.17,158.34
ITEM-00482,ORD-00242,PROD-0035,3,13.66,40.98
ITEM-00483,ORD-00243,PROD-0019,3,49.34,148.02
ITEM-00484,ORD-00243,PROD-0008,2,214.85,429.7
ITEM-00485,ORD-00244,PROD-0005,1,89.62,89.62
ITEM-00486,ORD-00244,PROD-0046,2,102.82,205.64
ITEM-00487,ORD-00244,PROD-0058,4,175.81,703.24
ITEM-00488,ORD-00245,PROD-0090,3,186.25,558.75
ITEM-00489,ORD-00246,PROD-0007,4,50.12,200.48
ITEM-00490,ORD-00246,PROD-0049,4,99.91,399.64
ITEM-00491,ORD-00247,PROD-0088,1,45.63,45.63
ITEM-00492,ORD-00247,PROD-0041,3,90.88,272.64
ITEM-00493,ORD-00247,PROD-0071,2,140.59,281.18
ITEM-00494,ORD-00247,PROD-0007,4,50.12,200.48
ITEM-00495,ORD-00248,PROD-0082,3,130.6,391.8
ITEM-00496,ORD-00248,PROD-0091,2,15.48,30.96
ITEM-00497,ORD-00248,PROD-0083,2,76.1,152.2
ITEM-00498,ORD-00249,PROD-0023,1,299.96,299.96
ITEM-00499,ORD-00250,PROD-0023,1,299.96,299.96
ITEM-00500,ORD-00251,PROD-0055,3,78.56,235.68
ITEM-00501,ORD-00252,PROD-0017,3,294.4,883.2
ITEM-00502,ORD-00252,PROD-0021,1,230.75,230.75
ITEM-00503,ORD-00253,PROD-0091,2,15.48,30.96
ITEM-00504,ORD-00254,PROD-0042,1,175.25,175.25
ITEM-00505,ORD-00255,PROD-0081,3,184.04,552.12
ITEM-00506,ORD-00255,PROD-0079,4,199.91,799.64
ITEM-00507,ORD-00255,PROD-0085,3,164.57,493.71
ITEM-00508,ORD-00256,PROD-0091,3,15.48,46.44
ITEM-00509,ORD-00257,PROD-0024,1,236.55,236.55
ITEM-00510,ORD-00257,PROD-0067,2,60.27,120.54
ITEM-00511,ORD-00258,PROD-0069,1,140.97,140.97
ITEM-00512,ORD-00258,PROD-0052,3,151.14,453.42
ITEM-00513,ORD-00259,PROD-0028,3,185.7,557.1
ITEM-00514,ORD-00260,PROD-0038,2,188.6,377.2
ITEM-00515,ORD-00261,PROD-0080,1,154.98,154.98
ITEM-00516,ORD-00261,PROD-0068,1,114.87,114.87
ITEM-00517,ORD-00261,PROD-0061,3,103.42,310.26
ITEM-00518,ORD-00261,PROD-0072,4,31.8,127.2
ITEM-00519,ORD-00262,PROD-0083,2,76.1,152.2
ITEM-00520,ORD-00263,PROD-0088,4,45.63,182.52
ITEM-00521,ORD-00263,PROD-0042,3,175.25,525.75
ITEM-00522,ORD-00263,PROD-0049,3,99.91,299.73
ITEM-00523,ORD-00263,PROD-0015,1,122.76,122.76
ITEM-00524,ORD-00264,PROD-0099,4,187.5,750.0
ITEM-00525,ORD-00264,PROD-0048,1,86.83,86.83
ITEM-00526,ORD-00264,PROD-0066,3,125.82,377.46
ITEM-00527,ORD-00264,PROD-0058,2,175.81,351.62
ITEM-00528,ORD-00265,PROD-0011,1,258.44,258.44
ITEM-00529,ORD-00266,PROD-0099,1,187.5,187.5
ITEM-00530,ORD-00267,PROD-0027,2,144.85,289.7
ITEM-00531,ORD-00267,PROD-0086,4,69.75,279.0
ITEM-00532,ORD-00268,PROD-0027,4,144.85,579.4
ITEM-00533,ORD-00268,PROD-0069,1,140.97,140.97
ITEM-00534,ORD-00268,PROD-0090,2,186.25,372.5
ITEM-00535,ORD-00269,PROD-0092,3,69.03,207.09
ITEM-00536,ORD-00270,PROD-0010,1,122.94,122.94
ITEM-00537,ORD-00271,PROD-0033,1,240.9,240.9
ITEM-00538,ORD-00272,PROD-0030,4,177.81,711.24
ITEM-00539,ORD-00272,PROD-0034,4,164.49,657.96
ITEM-00540,ORD-00273,PROD-0052,3,151.14,453.42
ITEM-00541,ORD-00273,PROD-0056,1,62.11,62.11
ITEM-00542,ORD-00274,PROD-0016,1,220.0,220.0
ITEM-00543,ORD-00275,PROD-0080,1,154.98,154.98
ITEM-00544,ORD-00275,PROD-0009,1,167.35,167.35
ITEM-00545,ORD-00276,PROD-0065,1,173.42,173.42
ITEM-00546,ORD-00277,PROD-0088,3,45.63,136.89
ITEM-00547,ORD-00278,PROD-0037,4,215.11,860.44
ITEM-00548,ORD-00278,PROD-0098,4,174.16,696.64
ITEM-00549,ORD-00279,PROD-0085,1,164.57,164.57
ITEM-00550,ORD-00280,PROD-0069,2,140.97,281.94
ITEM-00551,ORD-00280,PROD-0029,4,235.55,942.2
ITEM-00552,ORD-00281,PROD-0070,2,64.73,129.46
ITEM-00553,ORD-00281,PROD-0038,3,188.6,565.8
ITEM-00554,ORD-00281,PROD-0082,3,130.6,391.8
ITEM-00555,ORD-00282,PROD-0002,1,270.18,270.18
ITEM-00556,ORD-00282,PROD-0071,1,140.59,140.59
ITEM-00557,ORD-00282,PROD-0072,1,31.8,31.8
ITEM-00558,ORD-00282,PROD-0019,4,49.34,197.36
ITEM-00559,ORD-00283,PROD-0011,2,258.44,516.88
ITEM-00560,ORD-00283,PROD-0040,3,103.46,310.38
ITEM-00561,ORD-00284,PROD-0083,2,76.1,152.2
ITEM-00562,ORD-00285,PROD-0029,3,235.55,706.65
ITEM-00563,ORD-00286,PROD-0024,1,236.55,236.55
ITEM-00564,ORD-00287,PROD-0071,1,140.59,140.59
ITEM-00565,ORD-00287,PROD-0060,3,188.79,566.37
ITEM-00566,ORD-00287,PROD-0083,1,76.1,76.1
ITEM-00567,ORD-00288,PROD-0026,4,79.17,316.68
ITEM-00568,ORD-00289,PROD-0046,2,102.82,205.64
ITEM-00569,ORD-00289,PROD-0017,1,294.4,294.4
ITEM-00570,ORD-00289,PROD-0086,3,69.75,209.25
ITEM-00571,ORD-00289,PROD-0084,1,72.65,72.65
ITEM-00572,ORD-00290,PROD-0041,3,90.88,272.64
ITEM-00573,ORD-00290,PROD-0063,2,198.83,397.66
ITEM-00574,ORD-00290,PROD-0058,3,175.81,527.43
ITEM-00575,ORD-00290,PROD-0043,3,153.34,460.02
ITEM-00576,ORD-00291,PROD-0022,2,83.15,166.3
ITEM-00577,ORD-00291,PROD-0001,4,246.34,985.36
ITEM-00578,ORD-00291,PROD-0041,3,90.88,272.64
ITEM-00579,ORD-00291,PROD-0032,3,39.54,118.62
ITEM-00580,ORD-00292,PROD-0094,3,189.93,569.79
ITEM-00581,ORD-00293,PROD-0060,3,188.79,566.37
ITEM-00582,ORD-00293,PROD-0058,4,175.81,703.24
ITEM-00583,ORD-00293,PROD-0046,1,102.82,102.82
ITEM-00584,ORD-00294,PROD-0078,1,27.34,27.34
ITEM-00585,ORD-00295,PROD-0018,3,181.64,544.92
ITEM-00586,ORD-00295,PROD-0069,1,140.97,140.97
ITEM-00587,ORD-00295,PROD-0026,1,79.17,79.17
ITEM-00588,ORD-00296,PROD-0065,4,173.42,693.68
ITEM-00589,ORD-00296,PROD-0081,2,184.04,368.08
ITEM-00590,ORD-00296,PROD-0004,1,232.08,232.08
ITEM-00591,ORD-00297,PROD-0070,2,64.73,129.46
ITEM-00592,ORD-00297,PROD-0061,3,103.42,310.26
ITEM-00593,ORD-00298,PROD-0099,3,187.5,562.5
ITEM-00594,ORD-00299,PROD-0065,1,173.42,173.42
ITEM-00595,ORD-00300,PROD-0065,1,173.42,173.42
ITEM-00596,ORD-00301,PROD-0079,2,199.91,399.82
ITEM-00597,ORD-00301,PROD-0088,2,45.63,91.26
ITEM-00598,ORD-00302,PROD-0023,2,299.96,599.92
ITEM-00599,ORD-00302,PROD-0073,4,167.05,668.2
ITEM-00600,ORD-00303,PROD-0006,2,88.79,177.58
ITEM-00601,ORD-00303,PROD-0029,1,235.55,235.55
ITEM-00602,ORD-00303,PROD-0098,3,174.16,522.48
ITEM-00603,ORD-00303,PROD-0063,3,198.83,596.49
ITEM-00604,ORD-00304,PROD-0086,2,69.75,139.5
ITEM-00605,ORD-00305,PROD-0047,4,95.14,380.56
ITEM-00606,ORD-00305,PROD-0050,4,76.83,307.32
ITEM-00607,ORD-00306,PROD-0006,1,88.79,88.79
ITEM-00608,ORD-00306,PROD-0084,3,72.65,217.95
ITEM-00609,ORD-00306,PROD-0042,3,175.25,525.75
ITEM-00610,ORD-00307,PROD-0073,4,167.05,668.2
ITEM-00611,ORD-00307,PROD-0023,4,299.96,1199.84
ITEM-00612,ORD-00308,PROD-0084,1,72.65,72.65
ITEM-00613,ORD-00309,PROD-0049,4,99.91,399.64
ITEM-00614,ORD-00309,PROD-0029,3,235.55,706.65
ITEM-00615,ORD-00310,PROD-0045,1,108.15,108.15
ITEM-00616,ORD-00310,PROD-0063,2,198.83,397.66
ITEM-00617,ORD-00310,PROD-0062,4,38.34,153.36
ITEM-00618,ORD-00311,PROD-0010,3,122.94,368.82
ITEM-00619,ORD-00312,PROD-0024,2,236.55,473.1
ITEM-00620,ORD-00313,PROD-0092,1,69.03,69.03
ITEM-00621,ORD-00314,PROD-0054,1,196.29,196.29
ITEM-00622,ORD-00314,PROD-0043,4,153.34,613.36
ITEM-00623,ORD-00315,PROD-0062,2,38.34,76.68
ITEM-00624,ORD-00315,PROD-0027,4,144.85,579.4
ITEM-00625,ORD-00316,PROD-0006,2,88.79,177.58
ITEM-00626,ORD-00317,PROD-0021,1,230.75,230.75
ITEM-00627,ORD-00317,PROD-0018,2,181.64,363.28
ITEM-00628,ORD-00318,PROD-0034,2,164.49,328.98
ITEM-00629,ORD-00319,PROD-0052,1,151.14,151.14
ITEM-00630,ORD-00319,PROD-0077,3,178.98,536.94
ITEM-00631,ORD-00320,PROD-0028,4,185.7,742.8
ITEM-00632,ORD-00320,PROD-0058,2,175.81,351.62
ITEM-00633,ORD-00320,PROD-0078,2,27.34,54.68
ITEM-00634,ORD-00320,PROD-0061,4,103.42,413.68
ITEM-00635,ORD-00321,PROD-0075,2,33.62,67.24
ITEM-00636,ORD-00321,PROD-0099,3,187.5,562.5
ITEM-00637,ORD-00322,PROD-0088,3,45.63,136.89
ITEM-00638,ORD-00323,PROD-0077,4,178.98,715.92
ITEM-00639,ORD-00323,PROD-0076,4,105.08,420.32
ITEM-00640,ORD-00323,PROD-0009,2,167.35,334.7
ITEM-00641,ORD-00323,PROD-0030,1,177.81,177.81
ITEM-00642,ORD-00324,PROD-0067,4,60.27,241.08
ITEM-00643,ORD-00325,PROD-0078,4,27.34,109.36
ITEM-00644,ORD-00325,PROD-0013,1,257.49,257.49
ITEM-00645,ORD-00325,PROD-0023,1,299.96,299.96
ITEM-00646,ORD-00326,PROD-0085,2,164.57,329.14
ITEM-00647,ORD-00327,PROD-0070,4,64.73,258.92
ITEM-00648,ORD-00327,PROD-0001,4,246.34,985.36
ITEM-00649,ORD-00327,PROD-0100,3,147.94,443.82
ITEM-00650,ORD-00327,PROD-0087,1,134.95,134.95
ITEM-00651,ORD-00328,PROD-0055,4,78.56,314.24
ITEM-00652,ORD-00328,PROD-0030,4,177.81,711.24
ITEM-00653,ORD-00329,PROD-0095,1,187.19,187.19
ITEM-00654,ORD-00330,PROD-0033,2,240.9,481.8
ITEM-00655,ORD-00330,PROD-0062,1,38.34,38.34
ITEM-00656,ORD-00331,PROD-0070,4,64.73,258.92
ITEM-00657,ORD-00332,PROD-0001,1,246.34,246.34
ITEM-00658,ORD-00333,PROD-0016,1,220.0,220.0
ITEM-00659,ORD-00333,PROD-0067,4,60.27,241.08
ITEM-00660,ORD-00334,PROD-0089,4,154.39,617.56
ITEM-00661,ORD-00334,PROD-0041,3,90.88,272.64
ITEM-00662,ORD-00335,PROD-0055,3,78.56,235.68
ITEM-00663,ORD-00336,PROD-0069,4,140.97,563.88
ITEM-00664,ORD-00337,PROD-0079,4,199.91,799.64
ITEM-00665,ORD-00337,PROD-0036,2,135.71,271.42
ITEM-00666,ORD-00338,PROD-0072,2,31.8,63.6
ITEM-00667,ORD-00338,PROD-0062,3,38.34,115.02
ITEM-00668,ORD-00339,PROD-0062,3,38.34,115.02
ITEM-00669,ORD-00339,PROD-0033,3,240.9,722.7
ITEM-00670,ORD-00340,PROD-0051,1,53.79,53.79
ITEM-00671,ORD-00340,PROD-0095,2,187.19,374.38
ITEM-00672,ORD-00340,PROD-0018,4,181.64,726.56
ITEM-00673,ORD-00341,PROD-0021,4,230.75,923.0
ITEM-00674,ORD-00341,PROD-0013,3,257.49,772.47
ITEM-00675,ORD-00341,PROD-0028,1,185.7,185.7
ITEM-00676,ORD-00342,PROD-0082,1,130.6,130.6
ITEM-00677,ORD-00343,PROD-0019,4,49.34,197.36
ITEM-00678,ORD-00343,PROD-0061,1,103.42,103.42
ITEM-00679,ORD-00343,PROD-0077,1,178.98,178.98
ITEM-00680,ORD-00344,PROD-0048,1,86.83,86.83
ITEM-00681,ORD-00345,PROD-0093,4,52.68,210.72
ITEM-00682,ORD-00345,PROD-0050,3,76.83,230.49
ITEM-00683,ORD-00346,PROD-0077,2,178.98,357.96
ITEM-00684,ORD-00346,PROD-0008,4,214.85,859.4
ITEM-00685,ORD-00347,PROD-0026,3,79.17,237.51
ITEM-00686,ORD-00347,PROD-0085,2,164.57,329.14
ITEM-00687,ORD-00348,PROD-0077,2,178.98,357.96
ITEM-00688,ORD-00349,PROD-0087,3,134.95,404.85
ITEM-00689,ORD-00349,PROD-0005,2,89.62,179.24
ITEM-00690,ORD-00350,PROD-0021,3,230.75,692.25
ITEM-00691,ORD-00350,PROD-0012,4,11.7,46.8
ITEM-00692,ORD-00351,PROD-0051,4,53.79,215.16
ITEM-00693,ORD-00352,PROD-0067,1,60.27,60.27
ITEM-00694,ORD-00352,PROD-0002,1,270.18,270.18
ITEM-00695,ORD-00353,PROD-0093,3,52.68,158.04
ITEM-00696,ORD-00353,PROD-0072,3,31.8,95.4
ITEM-00697,ORD-00354,PROD-0036,4,135.71,542.84
ITEM-00698,ORD-00354,PROD-0029,4,235.55,942.2
ITEM-00699,ORD-00354,PROD-0078,1,27.34,27.34
ITEM-00700,ORD-00354,PROD-0025,3,285.38,856.14
ITEM-00701,ORD-00355,PROD-0065,1,173.42,173.42
ITEM-00702,ORD-00356,PROD-0065,3,173.42,520.26
ITEM-00703,ORD-00356,PROD-0038,1,188.6,188.6
ITEM-00704,ORD-00357,PROD-0033,3,240.9,722.7
ITEM-00705,ORD-00357,PROD-0069,4,140.97,563.88
ITEM-00706,ORD-00357,PROD-0074,4,123.05,492.2
ITEM-00707,ORD-00358,PROD-0099,3,187.5,562.5
ITEM-00708,ORD-00358,PROD-0032,4,39.54,158.16
ITEM-00709,ORD-00359,PROD-0076,4,105.08,420.32
ITEM-00710,ORD-00359,PROD-0004,1,232.08,232.08
ITEM-00711,ORD-00360,PROD-0049,2,99.91,199.82
ITEM-00712,ORD-00361,PROD-0030,4,177.81,711.24
ITEM-00713,ORD-00361,PROD-0041,3,90.88,272.64
ITEM-00714,ORD-00362,PROD-0002,3,270.18,810.54
ITEM-00715,ORD-00362,PROD-0090,2,186.25,372.5
ITEM-00716,ORD-00363,PROD-0052,3,151.14,453.42
ITEM-00717,ORD-00364,PROD-0023,4,299.96,1199.84
ITEM-00718,ORD-00365,PROD-0028,3,185.7,557.1
ITEM-00719,ORD-00366,PROD-0096,2,168.59,337.18
ITEM-00720,ORD-00367,PROD-0026,2,79.17,158.34
ITEM-00721,ORD-00367,PROD-0031,3,125.02,375.06
ITEM-00722,ORD-00368,PROD-0026,2,79.17,158.34
ITEM-00723,ORD-00369,PROD-0046,1,102.82,102.82
ITEM-00724,ORD-00369,PROD-0020,1,119.93,119.93
ITEM-00725,ORD-00369,PROD-0100,1,147.94,147.94
ITEM-00726,ORD-00370,PROD-0085,1,164.57,164.57
ITEM-00727,ORD-00370,PROD-0064,1,157.37,157.37
ITEM-00728,ORD-00371,PROD-0048,4,86.83,347.32
ITEM-00729,ORD-00371,PROD-0080,3,154.98,464.94
ITEM-00730,ORD-00371,PROD-0041,4,90.88,363.52
ITEM-00731,ORD-00372,PROD-0098,3,174.16,522.48
ITEM-00732,ORD-00373,PROD-0097,2,114.73,229.46
ITEM-00733,ORD-00374,PROD-0055,4,78.56,314.24
ITEM-00734,ORD-00375,PROD-0005,2,89.62,179.24
ITEM-00735,ORD-00375,PROD-0065,4,173.42,693.68
ITEM-00736,ORD-00375,PROD-0045,1,108.15,108.15
ITEM-00737,ORD-00375,PROD-0051,4,53.79,215.16
ITEM-00738,ORD-00376,PROD-0002,1,270.18,270.18
ITEM-00739,ORD-00377,PROD-0049,1,99.91,99.91
ITEM-00740,ORD-00377,PROD-0075,3,33.62,100.86
ITEM-00741,ORD-00378,PROD-0034,2,164.49,328.98
ITEM-00742,ORD-00379,PROD-0031,4,125.02,500.08
ITEM-00743,ORD-00379,PROD-0035,3,13.66,40.98
ITEM-00744,ORD-00380,PROD-0064,4,157.37,629.48
ITEM-00745,ORD-00381,PROD-0090,3,186.25,558.75
ITEM-00746,ORD-00382,PROD-0052,3,151.14,453.42
ITEM-00747,ORD-00383,PROD-0074,2,123.05,246.1
ITEM-00748,ORD-00383,PROD-0017,1,294.4,294.4
ITEM-00749,ORD-00384,PROD-0031,4,125.02,500.08
ITEM-00750,ORD-00384,PROD-0072,4,31.8,127.2
ITEM-00751,ORD-00385,PROD-0095,2,187.19,374.38
ITEM-00752,ORD-00386,PROD-0002,4,270.18,1080.72
ITEM-00753,ORD-00386,PROD-0023,4,299.96,1199.84
ITEM-00754,ORD-00387,PROD-0081,3,184.04,552.12
ITEM-00755,ORD-00388,PROD-0039,1,144.8,144.8
ITEM-00756,ORD-00388,PROD-0033,4,240.9,963.6
ITEM-00757,ORD-00388,PROD-0072,1,31.8,31.8
ITEM-00758,ORD-00389,PROD-0008,3,214.85,644.55
ITEM-00759,ORD-00389,PROD-0028,4,185.7,742.8
ITEM-00760,ORD-00390,PROD-0013,3,257.49,772.47
ITEM-00761,ORD-00390,PROD-0058,3,175.81,527.43
ITEM-00762,ORD-00390,PROD-0096,3,168.59,505.77
ITEM-00763,ORD-00391,PROD-0072,3,31.8,95.4
ITEM-00764,ORD-00392,PROD-0053,1,51.1,51.1
ITEM-00765,ORD-00393,PROD-0087,2,134.95,269.9
ITEM-00766,ORD-00394,PROD-0084,2,72.65,145.3
ITEM-00767,ORD-00394,PROD-0069,3,140.97,422.91
ITEM-00768,ORD-00395,PROD-0087,4,134.95,539.8
ITEM-00769,ORD-00396,PROD-0058,3,175.81,527.43
ITEM-00770,ORD-00396,PROD-0011,4,258.44,1033.76
ITEM-00771,ORD-00396,PROD-0049,2,99.91,199.82
ITEM-00772,ORD-00397,PROD-0082,4,130.6,522.4
ITEM-00773,ORD-00397,PROD-0044,1,112.89,112.89
ITEM-00774,ORD-00397,PROD-0054,1,196.29,196.29
ITEM-00775,ORD-00398,PROD-0030,3,177.81,533.43
ITEM-00776,ORD-00399,PROD-0038,3,188.6,565.8
ITEM-00777,ORD-00400,PROD-0051,4,53.79,215.16
ITEM-00778,ORD-00400,PROD-0035,3,13.66,40.98
ITEM-00779,ORD-00401,PROD-0067,4,60.27,241.08
ITEM-00780,ORD-00401,PROD-0058,2,175.81,351.62
ITEM-00781,ORD-00402,PROD-0003,2,85.16,170.32
ITEM-00782,ORD-00403,PROD-0085,1,164.57,164.57
ITEM-00783,ORD-00403,PROD-0033,2,240.9,481.8
ITEM-00784,ORD-00404,PROD-0014,1,151.58,151.58
ITEM-00785,ORD-00405,PROD-0061,1,103.42,103.42
ITEM-00786,ORD-00406,PROD-0051,1,53.79,53.79
ITEM-00787,ORD-00407,PROD-0080,2,154.98,309.96
ITEM-00788,ORD-00408,PROD-0050,3,76.83,230.49
ITEM-00789,ORD-00409,PROD-0095,3,187.19,561.57
ITEM-00790,ORD-00410,PROD-0017,2,294.4,588.8
ITEM-00791,ORD-00410,PROD-0068,1,114.87,114.87
ITEM-00792,ORD-00411,PROD-0046,3,102.82,308.46
ITEM-00793,ORD-00412,PROD-0060,4,188.79,755.16
ITEM-00794,ORD-00412,PROD-0070,2,64.73,129.46
ITEM-00795,ORD-00412,PROD-0035,2,13.66,27.32
ITEM-00796,ORD-00413,PROD-0059,4,93.68,374.72
ITEM-00797,ORD-00413,PROD-0081,3,184.04,552.12
ITEM-00798,ORD-00414,PROD-0062,4,38.34,153.36
ITEM-00799,ORD-00414,PROD-0070,3,64.73,194.19
ITEM-00800,ORD-00414,PROD-0030,3,177.81,533.43
ITEM-00801,ORD-00414,PROD-0012,4,11.7,46.8
ITEM-00802,ORD-00415,PROD-0039,1,144.8,144.8
ITEM-00803,ORD-00416,PROD-0098,2,174.16,348.32
ITEM-00804,ORD-00417,PROD-0061,1,103.42,103.42
ITEM-00805,ORD-00418,PROD-0063,4,198.83,795.32
ITEM-00806,ORD-00418,PROD-0097,3,114.73,344.19
ITEM-00807,ORD-00419,PROD-0056,3,62.11,186.33
ITEM-00808,ORD-00420,PROD-0001,3,246.34,739.02
ITEM-00809,ORD-00420,PROD-0071,2,140.59,281.18
ITEM-00810,ORD-00421,PROD-0072,4,31.8,127.2
ITEM-00811,ORD-00421,PROD-0056,2,62.11,124.22
ITEM-00812,ORD-00422,PROD-0095,4,187.19,748.76
ITEM-00813,ORD-00423,PROD-0029,4,235.55,942.2
ITEM-00814,ORD-00423,PROD-0034,2,164.49,328.98
ITEM-00815,ORD-00423,PROD-0011,3,258.44,775.32
ITEM-00816,ORD-00424,PROD-0096,3,168.59,505.77
ITEM-00817,ORD-00425,PROD-0009,2,167.35,334.7
ITEM-00818,ORD-00425,PROD-0024,3,236.55,709.65
ITEM-00819,ORD-00426,PROD-0059,4,93.68,374.72
ITEM-00820,ORD-00427,PROD-0080,4,154.98,619.92
ITEM-00821,ORD-00428,PROD-0003,2,85.16,170.32
ITEM-00822,ORD-00429,PROD-0069,1,140.97,140.97
ITEM-00823,ORD-00430,PROD-0014,3,151.58,454.74
ITEM-00824,ORD-00431,PROD-0092,4,69.03,276.12
ITEM-00825,ORD-00432,PROD-0030,2,177.81,355.62
ITEM-00826,ORD-00432,PROD-0012,1,11.7,11.7
ITEM-00827,ORD-00433,PROD-0044,3,112.89,338.67
ITEM-00828,ORD-00433,PROD-0054,4,196.29,785.16
ITEM-00829,ORD-00434,PROD-0060,1,188.79,188.79
ITEM-00830,ORD-00434,PROD-0090,2,186.25,372.5
ITEM-00831,ORD-00434,PROD-0005,1,89.62,89.62
ITEM-00832,ORD-00434,PROD-0043,3,153.34,460.02
ITEM-00833,ORD-00435,PROD-0010,2,122.94,245.88
ITEM-00834,ORD-00435,PROD-0070,2,64.73,129.46
ITEM-00835,ORD-00435,PROD-0061,3,103.42,310.26
ITEM-00836,ORD-00436,PROD-0002,2,270.18,540.36
ITEM-00837,ORD-00436,PROD-0016,4,220.0,880.0
ITEM-00838,ORD-00436,PROD-0099,4,187.5,750.0
ITEM-00839,ORD-00437,PROD-0005,2,89.62,179.24
ITEM-00840,ORD-00438,PROD-0099,2,187.5,375.0
ITEM-00841,ORD-00438,PROD-0013,4,257.49,1029.96
ITEM-00842,ORD-00439,PROD-0040,3,103.46,310.38
ITEM-00843,ORD-00440,PROD-0094,1,189.93,189.93
ITEM-00844,ORD-00441,PROD-0071,1,140.59,140.59
ITEM-00845,ORD-00441,PROD-0067,3,60.27,180.81
ITEM-00846,ORD-00442,PROD-0039,3,144.8,434.4
ITEM-00847,ORD-00442,PROD-0026,1,79.17,79.17
ITEM-00848,ORD-00443,PROD-0028,4,185.7,742.8
ITEM-00849,ORD-00443,PROD-0015,3,122.76,368.28
ITEM-00850,ORD-00443,PROD-0031,1,125.02,125.02
ITEM-00851,ORD-00444,PROD-0036,1,135.71,135.71
ITEM-00852,ORD-00445,PROD-0032,1,39.54,39.54
ITEM-00853,ORD-00446,PROD-0075,2,33.62,67.24
ITEM-00854,ORD-00446,PROD-0089,3,154.39,463.17
ITEM-00855,ORD-00446,PROD-0061,1,103.42,103.42
ITEM-00856,ORD-00446,PROD-0077,2,178.98,357.96
ITEM-00857,ORD-00447,PROD-0012,3,11.7,35.1
ITEM-00858,ORD-00448,PROD-0098,2,174.16,348.32
ITEM-00859,ORD-00448,PROD-0081,1,184.04,184.04
ITEM-00860,ORD-00448,PROD-0008,2,214.85,429.7
ITEM-00861,ORD-00448,PROD-0046,4,102.82,411.28
ITEM-00862,ORD-00449,PROD-0072,3,31.8,95.4
ITEM-00863,ORD-00450,PROD-0057,1,142.5,142.5
ITEM-00864,ORD-00450,PROD-0094,4,189.93,759.72
ITEM-00865,ORD-00450,PROD-0025,3,285.38,856.14
ITEM-00866,ORD-00451,PROD-0033,4,240.9,963.6
ITEM-00867,ORD-00451,PROD-0006,4,88.79,355.16
ITEM-00868,ORD-00452,PROD-0070,4,64.73,258.92
ITEM-00869,ORD-00452,PROD-0090,2,186.25,372.5
ITEM-00870,ORD-00453,PROD-0070,3,64.73,194.19
ITEM-00871,ORD-00453,PROD-0045,4,108.15,432.6
ITEM-00872,ORD-00454,PROD-0077,2,178.98,357.96
ITEM-00873,ORD-00455,PROD-0020,4,119.93,479.72
ITEM-00874,ORD-00456,PROD-0034,3,164.49,493.47
ITEM-00875,ORD-00457,PROD-0100,4,147.94,591.76
ITEM-00876,ORD-00457,PROD-0082,2,130.6,261.2
ITEM-00877,ORD-00458,PROD-0080,2,154.98,309.96
ITEM-00878,ORD-00458,PROD-0047,3,95.14,285.42
ITEM-00879,ORD-00458,PROD-0100,1,147.94,147.94
ITEM-00880,ORD-00459,PROD-0069,2,140.97,281.94
ITEM-00881,ORD-00459,PROD-0050,4,76.83,307.32
ITEM-00882,ORD-00460,PROD-0020,3,119.93,359.79
ITEM-00883,ORD-00460,PROD-0079,4,199.91,799.64
ITEM-00884,ORD-00460,PROD-0037,3,215.11,645.33
ITEM-00885,ORD-00461,PROD-0067,1,60.27,60.27
ITEM-00886,ORD-00462,PROD-0017,2,294.4,588.8
ITEM-00887,ORD-00463,PROD-0026,2,79.17,158.34
ITEM-00888,ORD-00463,PROD-0014,1,151.58,151.58
ITEM-00889,ORD-00463,PROD-0063,1,198.83,198.83
ITEM-00890,ORD-00464,PROD-0050,4,76.83,307.32
ITEM-00891,ORD-00464,PROD-0085,3,164.57,493.71
ITEM-00892,ORD-00465,PROD-0029,1,235.55,235.55
ITEM-00893,ORD-00466,PROD-0027,4,144.85,579.4
ITEM-00894,ORD-00467,PROD-0011,3,258.44,775.32
ITEM-00895,ORD-00467,PROD-0060,4,188.79,755.16
ITEM-00896,ORD-00467,PROD-0082,3,130.6,391.8
ITEM-00897,ORD-00467,PROD-0008,1,214.85,214.85
ITEM-00898,ORD-00468,PROD-0035,1,13.66,13.66
ITEM-00899,ORD-00468,PROD-0068,3,114.87,344.61
ITEM-00900,ORD-00468,PROD-0006,1,88.79,88.79
ITEM-00901,ORD-00469,PROD-0067,4,60.27,241.08
ITEM-00902,ORD-00469,PROD-0013,2,257.49,514.98
ITEM-00903,ORD-00469,PROD-0093,2,52.68,105.36
ITEM-00904,ORD-00469,PROD-0030,2,177.81,355.62
ITEM-00905,ORD-00470,PROD-0023,4,299.96,1199.84
ITEM-00906,ORD-00470,PROD-0072,1,31.8,31.8
ITEM-00907,ORD-00471,PROD-0074,4,123.05,492.2
ITEM-00908,ORD-00471,PROD-0046,4,102.82,411.28
ITEM-00909,ORD-00471,PROD-0087,1,134.95,134.95
ITEM-00910,ORD-00472,PROD-0024,4,236.55,946.2
ITEM-00911,ORD-00473,PROD-0085,4,164.57,658.28
ITEM-00912,ORD-00473,PROD-0021,3,230.75,692.25
ITEM-00913,ORD-00474,PROD-0071,4,140.59,562.36
ITEM-00914,ORD-00474,PROD-0042,3,175.25,525.75
ITEM-00915,ORD-00474,PROD-0048,2,86.83,173.66
ITEM-00916,ORD-00474,PROD-0053,2,51.1,102.2
ITEM-00917,ORD-00475,PROD-0071,3,140.59,421.77
ITEM-00918,ORD-00476,PROD-0058,4,175.81,703.24
ITEM-00919,ORD-00477,PROD-0001,1,246.34,246.34
ITEM-00920,ORD-00477,PROD-0093,2,52.68,105.36
ITEM-00921,ORD-00477,PROD-0005,3,89.62,268.86
ITEM-00922,ORD-00477,PROD-0037,1,215.11,215.11
ITEM-00923,ORD-00478,PROD-0029,2,235.55,471.1
ITEM-00924,ORD-00479,PROD-0003,3,85.16,255.48
ITEM-00925,ORD-00479,PROD-0099,2,187.5,375.0
ITEM-00926,ORD-00479,PROD-0089,1,154.39,154.39
ITEM-00927,ORD-00480,PROD-0046,2,102.82,205.64
ITEM-00928,ORD-00481,PROD-0047,2,95.14,190.28
ITEM-00929,ORD-00482,PROD-0039,1,144.8,144.8
ITEM-00930,ORD-00483,PROD-0073,1,167.05,167.05
ITEM-00931,ORD-00483,PROD-0028,3,185.7,557.1
ITEM-00932,ORD-00484,PROD-0023,1,299.96,299.96
ITEM-00933,ORD-00484,PROD-0063,3,198.83,596.49
ITEM-00934,ORD-00484,PROD-0089,1,154.39,154.39
ITEM-00935,ORD-00485,PROD-0074,1,123.05,123.05
ITEM-00936,ORD-00485,PROD-0049,1,99.91,99.91
ITEM-00937,ORD-00486,PROD-0043,1,153.34,153.34
ITEM-00938,ORD-00486,PROD-0045,2,108.15,216.3
ITEM-00939,ORD-00486,PROD-0056,1,62.11,62.11
ITEM-00940,ORD-00486,PROD-0054,4,196.29,785.16
ITEM-00941,ORD-00487,PROD-0068,1,114.87,114.87
ITEM-00942,ORD-00488,PROD-0073,2,167.05,334.1
ITEM-00943,ORD-00489,PROD-0090,2,186.25,372.5
ITEM-00944,ORD-00490,PROD-0087,4,134.95,539.8
ITEM-00945,ORD-00491,PROD-0097,1,114.73,114.73
ITEM-00946,ORD-00491,PROD-0077,2,178.98,357.96
ITEM-00947,ORD-00491,PROD-0074,4,123.05,492.2
ITEM-00948,ORD-00491,PROD-0065,3,173.42,520.26
ITEM-00949,ORD-00492,PROD-0019,1,49.34,49.34
ITEM-00950,ORD-00492,PROD-0017,4,294.4,1177.6
ITEM-00951,ORD-00492,PROD-0044,1,112.89,112.89
ITEM-00952,ORD-00493,PROD-0034,4,164.49,657.96
ITEM-00953,ORD-00493,PROD-0011,4,258.44,1033.76
ITEM-00954,ORD-00494,PROD-0017,4,294.4,1177.6
ITEM-00955,ORD-00494,PROD-0098,2,174.16,348.32
ITEM-00956,ORD-00494,PROD-0018,4,181.64,726.56
ITEM-00957,ORD-00495,PROD-0074,2,123.05,246.1
ITEM-00958,ORD-00496,PROD-0095,2,187.19,374.38
ITEM-00959,ORD-00496,PROD-0068,2,114.87,229.74
ITEM-00960,ORD-00497,PROD-0100,4,147.94,591.76
ITEM-00961,ORD-00498,PROD-0074,1,123.05,123.05
ITEM-00962,ORD-00499,PROD-0053,4,51.1,204.4
ITEM-00963,ORD-00500,PROD-0025,3,285.38,856.14
ITEM-00964,ORD-GHOST-0,PROD-0045,1,19.99,19.99
ITEM-00965,ORD-GHOST-1,PROD-0077,1,19.99,19.99
ITEM-00966,ORD-GHOST-2,PROD-0084,1,19.99,19.99
ITEM-00967,ORD-GHOST-3,PROD-0004,1,19.99,19.99
